{
    "L_car": 0.1,
    "a_max": 0.1,
    "boundary_polygon": [
        [
            0.0,
            0.0
        ],
        [
            20.0,
            0.0
        ],
        [
            20.4,
            23.3
        ],
        [
            0.0,
            20.0
        ]
    ],
    "goal_pos": [
        19.0,
        3.0
    ],
    "goal_vel": [
        1.1,
        -2.2
    ],
    "omega_max": 0.3,
    "phi_max": 0.3,
    "polygon0": [
        [
            2,
            16.2
        ],
        [
            6,
            16
        ],
        [
            4,
            18
        ]
    ],
    "polygon1": [
        [
            10,
            18
        ],
        [
            15,
            18
        ],
        [
            12,
            15
        ]
    ],
    "polygon2": [
        [
            4.7468226571989262,
            14.9489957971092361
        ],
        [
            4.5009120851442546,
            10.5068357600706446
        ],
        [
            15.5009120851442546,
            10.5068357600706446
        ],
        [
            16.6,
            15.3
        ]
    ],
    "polygon3": [
        [
            5,
            2
        ],
        [
            7,
            2
        ],
        [
            7,
            12
        ],
        [
            5,
            12
        ]
    ],
    "polygon4": [
        [
            12,
            2
        ],
        [
            14,
            2
        ],
        [
            14,
            12
        ],
        [
            12,
            12
        ]
    ],
    "polygon5": [
        [
            8,
            -1
        ],
        [
            10,
            -1
        ],
        [
            10,
            8
        ],
        [
            8,
            8
        ]
    ],
    "start_pos": [
        2.1,
        4.1
    ],
    "start_vel": [
        2.1,
        3.2
    ],
    "v_max": 0.1
}